id,question,source,choice1,choice2,choice3,choice4,answer
1,明治初期の文学思潮として正しいものはどれか,明治,1:無頼派,2:新感覚派,3:プロレタリア文学,4:擬古典主義,4
2,明治期の言文一致運動について誤っているものはどれか,明治,1:二葉亭四迷が推進,2:和歌改革が中心,3:話し言葉重視,4:小説文体変革,2
3,坪内逍遥の文学論として正しいものはどれか,明治,1:即興詩人,2:詩歌革新論,3:小説神髄,4:日本浪漫派宣言,3
4,明治期の硯友社について誤っているものはどれか,明治,1:写実主義重視,2:尾崎紅葉が中心,3:雅俗折衷体,4:近代恋愛描写,1
5,幸田露伴の文学的傾向として正しいものはどれか,明治,1:色彩美重視,2:自然主義,3:社会主義思想,4:理想主義,4
6,明治期の自然主義文学者として誤っているものはどれか,明治,1:田山花袋,2:島崎藤村,3:尾崎紅葉,4:徳田秋声,3
7,『破戒』について正しいものはどれか,明治,1:浪漫主義詩集,2:自然主義小説,3:明治末期戯曲,4:随筆作品,2
8,『小説神髄』が批判した従来の小説観として正しいものはどれか,明治,1:写実主義,2:自然主義,3:勧善懲悪主義,4:象徴主義,3
9,森鷗外の明治期文学に関する説明として誤っているものはどれか,明治,1:翻訳文学に貢献,2:自然主義全面肯定,3:知的構成重視,4:西洋思想導入,2
10,明治期の浪漫主義詩に強い影響を与えた外国文学として正しいものはどれか,明治,1:英仏ロマン派,2:ロシア写実主義,3:ドイツ自然主義,4:米国リアリズム,1
11,硯友社文学の文章的特徴として最も適切なものはどれか,明治,1:言文一致体,2:写生文体,3:口語自由詩,4:雅俗折衷体,4
12,明治期の評論活動について誤っているものはどれか,明治,1:文学批評が成立,2:詩歌批評は皆無,3:西洋理論の導入,4:小説理論が発展,2
13,明治期に文学の近代化を制度面から支えた動きとして正しいものはどれか,明治,1:講談復興運動,2:新聞小説の普及,3:歌舞伎改良運動,4:口承文芸重視,2
14,森鷗外が明治期に重視した文学姿勢として正しいものはどれか,明治,1:芸術の自律性,2:大衆娯楽性,3:告愛的内面暴露,4:階級闘争性,1
15,明治期における「言文一致」の到達点として最も適切な説明はどれか,明治,1:口語詩の成立,2:和歌改革の完成,3:評論文形式統一,4:小説文体の近代化,4
16,明治期の文学と国家との関係について誤っているものはどれか,明治,1:完全な表現自由,2:検閲制度が存在,3:思想統制の影響,4:教育制度との関係,1
17,北村透谷が主張した肉体を超越した精神の自由を尊ぶ概念は何か,明治,1:歌よみに与ふ,2:解体新書,3:内部生命論,4:小説神髄,3
18,国木田独歩が『武蔵野』において示した視点を何と呼ぶか,明治,1:写生の発見,2:風景の発見,3:遠近法の発見,4:内面の発見,2
19,明治10年代に自由民権運動の宣伝媒体として流行したジャンルはどれか,明治,1:写実小説,2:政治小説,3:社会小説,4:風俗小説,2
20,石川啄木が大逆事件に衝撃を受け文学の傍観者性を拒絶した評論は何か,明治,1:時代閉塞の現状,2:一握の砂,3:悲しき玩具,4:食ふべき詩,1
21,白樺派の思想的特徴として正しいものはどれか,大正,1:階級闘争重視,2:人道主義重視,3:耽美主義追求,4:虚無思想強調,2
22,大正期の耽美派作家として正しいものはどれか,大正,1:志賀直哉,2:島崎藤村,3:谷崎潤一郎,4:田山花袋,3
23,志賀直哉の大正期作品に共通する特徴として誤っているものはどれか,大正,1:簡潔な文体,2:社会革命の主張,3:内面倫理の追究,4:日常題材重視,2
24,大正期文学が明治文学から継承しなかった要素として誤っているものはどれか,大正,1:内面描写の重視,2:西洋思想受容,3:個人表現の追究,4:道徳的教訓性,4
25,有島武郎が主張した本能的な生命力と愛を肯定する思想はどれか,大正,1:人道主義,2:生長の哲学,3:理想主義,4:虚無主義,2
26,芥川龍之介が提唱した芸術的な再構成や技巧を重視する態度はどれか,大正,1:新現実主義,2:自然主義,3:耽美主義,4:シュルレアリスム,1
27,大正時代に隆盛した作家が自身の経験や内面を綴る日本特有の形式はどれか,大正,1:心境小説,2:私小説,3:散文詩,4:告白文学,2
28,萩原朔太郎『月に吠える』が詩史において画期的とされる理由は何か,大正,1:漢詩形式の復活,2:口語自由詩の芸術的完成,3:定型詩への回帰,4:象徴主義の否定,2
29,平塚らいてうが創刊した日本初の女性による思想雑誌はどれか,大正,1:女人芸術,2:青鞜,3:白樺,4:明星,2
30,芥川との論争において谷崎が主張したプロットの建築的面白さはどれか,大正,1:構造的興味,2:写生的リアリズム,3:象徴的空間,4:装飾美,1
31,昭和初期に階級闘争や労働者の現実を重視した文学思潮はどれか,昭和,1:新感覚派,2:プロレタリア文学,3:日本浪漫派,4:白樺派,2
32,1930年代に共産主義思想を放棄した作家がその苦悩を描いたジャンルはどれか,昭和,1:私小説,2:心境小説,3:転向文学,4:社会小説,3
33,坂口安吾が戦後「堕ちること」に人間の真実を見出した批評はどれか,昭和,1:日本文化私観,2:堕落論,3:青春論,4:白痴,2
34,安部公房が『砂の女』で描いた不条理に適応していく世界観はどれか,昭和,1:写実主義,2:実存主義・不条理文学,3:新感覚派,4:私小説,2
35,松本清張によって確立された社会の構造的悪を告発するジャンルはどれか,昭和,1:本格推理,2:変格ミステリー,3:社会派推理小説,4:私立探偵もの,3
36,1960年代末の政治の季節が去った後の喪失感を背景としたグループ名はどれか,昭和,1:戦後派,2:第三の新人,3:内向の世代,4:新感覚派,3
37,中上健次が「紀州連作」において物語装置とした空間はどこか,昭和,1:路地の神話,2:共同体の崩壊,3:血の論理,4:地方の発見,1
38,昭和50年代に村上春樹らの登場により台頭した記号的な思潮はどれか,昭和,1:ポストモダン文学,2:新・新人類の文学,3:ライト・ノベル,4:都市文学,1
39,小林秀雄が作品そのものを批評の対象とする姿勢を確立したことは何か,昭和,1:批評の自律,2:印象批評,3:社会学的批評,4:主観批評,1
40,三島由紀夫が『豊饒の海』で輪回転生を通じて描こうとした概念は何か,昭和,1:唯識,2:絶対美,3:天皇崇拝,4:滅びの美学,1
41,2004年に史上最年少で芥川賞を受賞した二人は誰か,平成,1:小川洋子・多和田葉子,2:綿矢りさ・金原ひとみ,3:青山七恵・村田沙耶香,4:本谷有希子・上田岳弘,2
42,多言語的なアプローチで知られる多和田葉子の震災後の作品はどれか,平成,1:献灯使,2:容疑者の夜行,3:雪の練習生,4:旅をする練習,1
43,多和田葉子が提唱した言語間を移動しながら創作する在り方は何か,平成,1:翻訳文学,2:二言語主義,3:エクソフォニー,4:比較文学,3
44,福島第一原発事故後の風景と個人の記憶を結びつけた柳美里の作品はどれか,平成,1:ゴールドラッシュ,2:命,3:JR上野駅公園口,4:家族シネマ,3
45,語り手が信頼できない等の「叙述の不確実性」を突き詰めた飛浩隆のジャンルはどれか,平成,1:SF（推敲文学）,2:本格推理,3:私小説,4:歴史小説,1
46,明治初期の文学思潮として正しいものはどれか,明治,1:無頼派,2:新感覚派,3:プロレタリア文学,4:擬古典主義,4
47,明治期の言文一致運動について誤っているものはどれか,明治,1:二葉亭四迷が推進,2:和歌改革が中心,3:話し言葉重視,4:小説文体変革,2
48,坪内逍遥の文学論として正しいものはどれか,明治,1:即興詩人,2:詩歌革新論,3:小説神髄,4:日本浪漫派宣言,3
49,明治期の硯友社について誤っているものはどれか,明治,1:写実主義重視,2:尾崎紅葉が中心,3:雅俗折衷体,4:近代恋愛描写,1
50,幸田露伴の文学的傾向として正しいものはどれか,明治,1:色彩美重視,2:自然主義,3:社会主義思想,4:理想主義,4
51,明治期の自然主義文学者として誤っているものはどれか,明治,1:田山花袋,2:島崎藤村,3:尾崎紅葉,4:徳田秋声,3
52,『破戒』について正しいものはどれか,明治,1:浪漫主義詩集,2:自然主義小説,3:明治末期戯曲,4:随筆作品,2
53,『小説神髄』が批判した従来の小説観として正しいものはどれか,明治,1:写実主義,2:自然主義,3:勧善懲悪主義,4:象徴主義,3
54,森鷗外の明治期文学に関する説明として誤っているものはどれか,明治,1:翻訳文学に貢献,2:自然主義全面肯定,3:知的構成重視,4:西洋思想導入,2
55,明治期の浪漫主義詩に強い影響を与えた外国文学として正しいものはどれか,明治,1:英仏ロマン派,2:ロシア写実主義,3:ドイツ自然主義,4:米国リアリズム,1
56,硯友社文学の文章的特徴として最も適切なものはどれか,明治,1:言文一致体,2:写生文体,3:口語自由詩,4:雅俗折衷体,4
57,明治期の評論活動について誤っているものはどれか,明治,1:文学批評が成立,2:詩歌批評は皆無,3:西洋理論の導入,4:小説理論が発展,2
58,明治期に文学の近代化を制度面から支えた動きとして正しいものはどれか,明治,1:講談復興運動,2:新聞小説の普及,3:歌舞伎改良運動,4:口承文芸重視,2
59,森鷗外が明治期に重視した文学姿勢として正しいものはどれか,明治,1:芸術の自律性,2:大衆娯楽性,3:告愛的内面暴露,4:階級闘争性,1
60,明治期における「言文一致」の到達点として最も適切な説明はどれか,明治,1:口語詩の成立,2:和歌改革の完成,3:評論文の形式統一,4:小説文体の近代化,4
61,明治期の文学と国家との関係について誤っているものはどれか,明治,1:完全な表現自由,2:検閲制度が存在,3:思想統制の影響,4:教育制度との関係,1
62,北村透谷が主張した「内部生命」の概念を論じた批評はどれか,明治,1:歌よみに与ふ,2:解体新書,3:内部生命論,4:小説神髄,3
63,国木田独歩が『武蔵野』において示した視点を何と呼ぶか,明治,1:写生の発見,2:風景の発見,3:遠近法の発見,4:内面の発見,2
64,明治10年代に自由民権運動の宣伝媒体として流行したジャンルはどれか,明治,1:写実小説,2:政治小説,3:社会小説,4:風俗小説,2
65,石川啄木が大逆事件に衝撃を受け文学の傍観者性を拒絶した評論は何か,明治,1:時代閉塞の現状,2:一握の砂,3:悲しき玩具,4:食ふべき詩,1
66,『高野聖』の作者として正しいものはどれか,明治,1:国木田独歩,2:岩野泡鳴,3:泉鏡花,4:内田魯庵,3
67,『耽溺』の作者として正しいものはどれか,明治,1:内田魯庵,2:岩野泡鳴,3:斎藤緑雨,4:北村透谷,2
68,『義血侠血』の作者として正しいものはどれか,明治,1:泉鏡花,2:国木田独歩,3:北村透谷,4:内田魯庵,1
69,『金色夜叉』の作者として正しいものはどれか,明治,1:尾崎紅葉,2:泉鏡花,3:幸田露伴,4:樋口一葉,1
70,『たけくらべ』の作者として正しいものはどれか,明治,1:与謝野晶子,2:田山花袋,3:国木田独歩,4:樋口一葉,4
71,『坊っちゃん』の作者として正しいものはどれか,明治,1:森鷗外,2:永井荷風,3:夏目漱石,4:二葉亭四迷,3
72,『若菜集』の作者として正しいものはどれか,明治,1:北村透谷,2:高村光太郎,3:佐藤春夫,4:島崎藤村,4
73,『みだれ髪』の作者として正しいものはどれか,明治,1:与謝野晶子,2:樋口一葉,3:正岡子規,4:北原白秋,1
74,『舞姫』の文学的性格として正しいものはどれか,明治,1:自伝的恋愛小説,2:社会派推理,3:自然主義告白,4:歴史小説,1
75,徳冨蘆花が家父長制の矛盾を突いた『不如帰』などのジャンルはどれか,明治,1:私小説,2:政治小説,3:家庭小説,4:告白小説,3
76,白樺派の思想的特徴として正しいものはどれか,大正,1:階級闘争重視,2:人道主義重視,3:耽美主義追求,4:虚無思想強調,2
77,大正期の耽美派作家として正しいものはどれか,大正,1:志賀直哉,2:島崎藤村,3:谷崎潤一郎,4:田山花袋,3
78,志賀直哉の大正期作品に共通する特徴として誤っているものはどれか,大正,1:簡潔な文体,2:社会革命の主張,3:内面倫理の追究,4:日常題材重視,2
79,大正期文学が明治文学から継承しなかった要素として誤っているものはどれか,大正,1:内面描写の重視,2:西洋思想受容,3:個人表現の追究,4:道徳的教訓性,4
80,有島武郎が主張した本能的な生命力と愛を肯定する思想はどれか,大正,1:人道主義,2:生長の哲学,3:理想主義,4:虚無主義,2
81,芥川龍之介が提唱した芸術的な再構成や技巧を重視する態度はどれか,大正,1:新現実主義,2:自然主義,3:耽美主義,4:シュルレアリスム,1
82,大正時代に隆盛した作家が自身の経験や内面を綴る日本特有の形式はどれか,大正,1:心境小説,2:私小説,3:散文詩,4:告白文学,2
83,萩原朔太郎『月に吠える』が詩史において画期的とされる理由は何か,大正,1:漢詩形式の復活,2:口語自由詩の芸術的完成,3:定型詩への回帰,4:象徴主義の否定,2
84,平塚らいてうが創刊した日本初の女性による思想雑誌はどれか,大正,1:女人芸術,2:青鞜,3:白樺,4:明星,2
85,芥川との論争において谷崎が主張したプロットの建築的面白さはどれか,大正,1:構造的興味,2:写生的リアリズム,3:象徴的空間,4:装飾美,1
86,有島武郎の作品として正しいものはどれか,大正,1:暗夜行路,2:斜陽,3:春琴抄,4:或る女,4
87,『檸檬』の作者として正しいものはどれか,大正,1:室生犀星,2:志賀直哉,3:梶井基次郎,4:菊池寛,3
88,佐藤春夫の作品として正しいものはどれか,大正,1:田園の憂鬱,2:月に吠える,3:野火,4:点と線,1
89,室生犀星の作品として正しいものはどれか,大正,1:金閣寺,2:獄門島,3:ドグラマグラ,4:あにいもうと,4
90,『明暗』の作者として正しいものはどれか,大正,1:森鷗外,2:志賀直哉,3:夏目漱石,4:谷崎潤一郎,3
91,『城の崎にて』の作者として正しいものはどれか,大正,1:室生犀星,2:志賀直哉,3:菊池寛,4:佐藤春夫,2
92,『地獄変』の作者として正しいものはどれか,大正,1:有島武郎,2:里見弴,3:長塚節,4:芥川龍之介,4
93,『父帰る』が描く中心テーマとして正しいものはどれか,大正,1:家族倫理,2:恋愛至上,3:政治批判,4:宗教問題,1
94,中里介山が『大菩薩峠』で提示した大衆文学の先駆的ジャンルはどれか,大正,1:時代小説,2:大衆小説（実録文学）,3:政治小説,4:冒険小説,2
95,村山知義らの「マヴォ（MAVO）」が掲げた伝統破壊の思潮はどれか,大正,1:ダダイスム,2:構成主義,3:シュルレアリスム,4:未来派,1
96,昭和初期に階級闘争や労働者の現実を重視した文学思潮はどれか,昭和,1:新感覚派,2:プロレタリア文学,3:日本浪漫派,4:白樺派,2
97,1930年代に共産主義思想を放棄した作家がその苦悩を描いたジャンルはどれか,昭和,1:私小説,2:心境小説,3:転向文学,4:社会小説,3
98,坂口安吾が戦後「堕ちること」に人間の真実を見出した批評はどれか,昭和,1:日本文化私観,2:堕落論,3:青春論,4:白痴,2
99,安部公房が『砂の女』で描いた不条理に適応していく世界観はどれか,昭和,1:写実主義,2:実存主義・不条理文学,3:新感覚派,4:私小説,2
100,松本清張によって確立された社会の構造的悪を告発するジャンルはどれか,昭和,1:本格推理,2:変格ミステリー,3:社会派推理小説,4:私立探偵もの,3
101,1960年代末の政治の季節が去った後の喪失感を背景としたグループ名はどれか,昭和,1:戦後派,2:第三の新人,3:内向の世代,4:新感覚派,3
102,中上健次が「紀州連作」において物語装置とした空間はどこか,昭和,1:路地の神話,2:共同体の崩壊,3:血の論理,4:地方の発見,1
103,昭和50年代に村上春樹らの登場により台頭した記号的な思潮はどれか,昭和,1:ポストモダン文学,2:新・新人類の文学,3:ライト・ノベル,4:都市文学,1
104,小林秀雄が作品そのものを批評の対象とする姿勢を確立したことは何か,昭和,1:批評の自律,2:印象批評,3:社会学的批評,4:主観批評,1
105,三島由紀夫が『豊饒の海』で輪回転生を通じて描こうとした概念は何か,昭和,1:唯識,2:絶対美,3:天皇崇拝,4:滅びの美学,1
106,『銀河鉄道の夜』の作者として正しいものはどれか,昭和,1:井伏鱒二,2:宮沢賢治,3:横溝正史,4:夢野久作,2
107,江戸川乱歩の作品として誤っているものはどれか,昭和,1:人間椅子,2:孤島の鬼,3:怪人二十面相,4:斜陽,4
108,『黒い雨』の作者として正しいものはどれか,昭和,1:大岡昇平,2:野間宏,3:井伏鱒二,4:小島信夫,3
109,『火垂るの墓』の作者として正しいものはどれか,昭和,1:安岡章太郎,2:井上靖,3:遠藤周作,4:野坂昭如,4
110,『楢山節考』の作者として正しいものはどれか,昭和,1:石坂洋次郎,2:深沢七郎,3:松本清張,4:横溝正史,2
111,『個人的な体験』の作者として正しいものはどれか,昭和,1:仮面の告白,2:大江健三郎,3:砂の女,4:天平の甍,2
112,『ドグラマグラ』の作者として正しいものはどれか,昭和,1:夢野久作,2:宮沢賢治,3:野坂昭如,4:井伏鱒二,1
113,『野火』の主題として最も適切なものはどれか,昭和,1:極限状況の人間,2:英雄的戦争,3:国家賛美,4:郷土愛,1
114,『山椒魚』の寓意として正しいものはどれか,昭和,1:知識人の閉塞,2:戦争批判,3:恋愛葛藤,4:宗教懐疑,1
115,保田與重郎らを中心に、日本独自の古典回帰や美を称揚したグループはどれか,昭和,1:日本浪漫派,2:新戯作派,3:白樺派,4:文学界,1
116,『ノルウェイの森』で世界的なブームを巻き起こした作者は誰か,平成,1:川上未映子,2:村上春樹,3:吉本ばなな,4:島田雅彦,2
117,2004年に史上最年少で芥川賞を受賞した二人は誰か,平成,1:小川洋子・多和田葉子,2:綿矢りさ・金原ひとみ,3:青山七恵・村田沙耶香,4:本谷有希子・上田岳弘,2
118,ミステリー界で「社会派」の筆頭とされ、『火車』や『模倣犯』を著した作家は誰か,平成,1:桐野夏生,2:東野圭吾,3:宮部みゆき,4:湊かなえ,3
119,現代の閉塞感や身体性を描き、芥川賞を受賞した村田沙耶香の作品はどれか,平成,1:タッタちゃん,2:しろいろの街の,3:地球星人,4:コンビニ人間,4
120,東日本大震災以降の言葉を問い、多言語的なアプローチで知られる多和田葉子の作品はどれか,平成,1:献灯使,2:容疑者の夜行,3:雪の練習生,4:旅をする練習,1
121,お笑い芸人として初の芥川賞受賞となり、社会的話題となった又吉直樹の作品はどれか,平成,1:劇場,2:人間,3:火花,4:東京百景,3
122,多和田葉子が提唱した言語間を移動しながら創作する在り方は何か,平成,1:翻訳文学,2:二言語主義,3:エクソフォニー,4:比較文学,3
123,福島第一原発事故後の風景と個人の記憶を結びつけた柳美里の作品はどれか,平成,1:ゴールドラッシュ,2:命,3:JR上野駅公園口,4:家族シネマ,3
124,「内面」の記述を放棄し、徹底した外部描写を試みた平野啓一郎のデビュー作はどれか,平成,1:日蝕,2:一月物語,3:決壊,4:ドーン,1
125,『盤上の夜』において、ゲームの論理と実存を結びつけた宮内悠介の作品は何文学とされるか,平成,1:推敲文学,2:SF（ニュー・ウェーブ）,3:歴史小説,4:私小説,2
126,正岡子規の死後、俳句において季語や定型に縛られない「自由律俳句」を提唱した河東碧梧桐の運動を何と呼ぶか,明治・大正,1:写生派,2:新傾向俳句,3:有季定型派,4:伝統俳句,2
127,明治末期、北原白秋が『思ひ出』において、異国情緒や官能的な感覚を歌い上げ、日本の象徴詩の頂点を示した詩集はどれか,明治,1:邪宗門,2:抒情小曲集,3:海の声,4:道程,1
128,大正期、自由律短歌の代表者であり、「分け入つても分け入つても青い山」などの句で知られる放浪の俳人は誰か,大正,1:石川啄木,2:種田山頭火,3:尾崎放哉,4:斎藤茂吉,2
129,昭和初期、北川冬彦らを中心に、既成の抒情を排し、即物的な描写や機械美を追求した詩の運動を何と呼ぶか,昭和,1:シネマ詩（新詩論）,2:荒地派,3:象徴詩,4:四季派,1
130,明治末期、自然主義の台頭に対し、政府が「徳育」の観点から文学を善導しようと設置し、鷗外らが参加した組織は何か,明治,1:教化委員会,2:文芸委員会,3:検閲局,4:帝国芸術院,2
131,昭和初期、プロレタリア文学への弾圧が強まる中、共産党員作家・小林多喜二が築地警察署で拷問死した事件は何年か,昭和,1:1925年,2:1929年,3:1933年,4:1937年,3
132,戦時下において、谷崎潤一郎の『細雪』や島崎藤村の『夜明け前』が、軍部から「時局にそぐわない」として受けた処置は何か,昭和,1:掲載禁止・発禁,2:内容改竄,3:国外追放,4:推薦図書指定,1
133,終領下の日本において、GHQ（連合国軍最高司令官総司令部）が行った、軍国主義的・封建的表現を禁じた検閲を何と呼ぶか,昭和,1:特高検閲,2:プレスコード,3:教化統制,4:削除命令,2
134,明治期、「青鞜」に参加し、後に『おはん』などの名作で人間の業と愛欲を冷徹に描き続けた作家は誰か,明治・昭和,1:宇野千代,2:林芙美子,3:平林たい子,4:岡本かの子,1
135,大正・昭和期、芸術家・岡本一平の妻であり、生命力に溢れた華麗な文体で『生々流転』などを著した作家は誰か,大正・昭和,1:有吉佐和子,2:幸田文,3:岡本かの子,4:円地文子,3
136,戦後、父・露伴の死を看取った経験をもとに、『父』や『流れる』において、凛とした生活者の視点を描いた作家は誰か,昭和,1:幸田文,2:森茉莉,3:山崎豊子,4:茨木のり子,1
137,昭和中期、日本の古典（『源氏物語』など）の現代語訳や、女性の情念を描いた『なまみこ物語』で知られる作家は誰か,昭和,1:瀬戸内寂聴,2:田辺聖子,3:円地文子,4:河野多惠子,3
138,昭和初期、堀辰雄が『聖家族』などで試みた、フランス心理主義文学（プルーストら）の影響下で人間の意識を分析する手法を何と呼ぶか,昭和,1:新感覚派,2:新心理主義,3:自然主義,4:日本浪漫派,2
139,梶井基次郎が『檸檬』や『冬の日』において、自身の肺結核による「死の予感」を視覚的な色彩や物象に託して描いた文芸的性質は何か,昭和,1:感覚的象徴主義,2:写実主義,3:社会主義,4:人道主義,1
140,『多情多恨』の作者として正しいものはどれか,明治,1:幸田露伴,2:尾崎紅葉,3:坪内逍遥,4:山田美妙,2
141,『あざみ』の作者として正しいものはどれか,明治,1:二葉亭四迷,2:国木田独歩,3:斎藤緑雨,4:内田魯庵,3
142,『五重塔』の作者として正しいものはどれか,明治,1:尾崎紅葉,2:泉鏡花,3:幸田露伴,4:徳冨蘆花,3
143,『地獄の歌』の作者として正しいものはどれか,明治,1:岩野泡鳴,2:田山花袋,3:島崎藤村,4:近松秋江,1
144,『草枕』の作者として正しいものはどれか,明治,1:森鷗外,2:夏目漱石,3:泉鏡花,4:徳冨蘆花,2
145,『にごりえ』の作者として正しいものはどれか,明治,1:与謝野晶子,2:樋口一葉,3:田村俊子,4:木良子,2
146,『或る女』の作者として正しいものはどれか,大正,1:志賀直哉,2:武者小路実篤,3:有島武郎,4:里見弴,3
147,『奉教人の死』の作者として正しいものはどれか,大正,1:芥川龍之介,2:菊池寛,3:久米正雄,4:宇野浩二,1
148,『真理先生』の作者として正しいものはどれか,大正,1:志賀直哉,2:武者小路実篤,3:有島武郎,4:倉田百三,2
149,『田園の憂鬱』の作者として正しいものはどれか,大正,1:室生犀星,2:萩原朔太郎,3:佐藤春夫,4:堀口大学,3
150,『あにいもうと』の作者として正しいものはどれか,大正,1:室生犀星,2:志賀直哉,3:芥川龍之介,4:広津和郎,1
151,『腕くらべ』の作者として正しいものはどれか,大正,1:谷崎潤一郎,2:永井荷風,3:久保田万太郎,4:里見弴,2
152,『春は馬車に乗って』の作者として正しいものはどれか,昭和,1:川端康成,2:横光利一,3:堀辰雄,4:梶井基次郎,2
153,『風立ちぬ』の作者として正しいものはどれか,昭和,1:川端康成,2:横光利一,3:堀辰雄,4:伊藤整,3
154,『ヴィヨンの妻』の作者として正しいものはどれか,昭和,1:坂口安吾,2:織田作之助,3:太宰治,4:石川淳,3
155,『白痴』の作者として正しいものはどれか,昭和,1:太宰治,2:坂口安吾,3:織田作之助,4:田中英光,2
156,『真空地帯』の作者として正しいものはどれか,昭和,1:大岡昇平,2:武田泰淳,3:野間宏,4:椎名麟三,3
157,『砂の女』の作者として正しいものはどれか,昭和,1:安部公房,2:三島由紀夫,3:大江健三郎,4:井上靖,1
158,『個人的な体験』の作者として正しいものはどれか,昭和,1:三島由紀夫,2:大江健三郎,3:安部公房,4:中上健次,2
159,『岬』の作者として正しいものはどれか,昭和,1:大江健三郎,2:中上健次,3:古井由吉,4:後藤明生,2
160,『キッチン』の作者として正しいものはどれか,平成,1:川上未映子,2:江國香織,3:吉本ばなな,4:小川洋子,3
161,『蛇にピアス』の作者として正しいものはどれか,平成,1:綿矢りさ,2:金原ひとみ,3:村田沙耶香,4:本谷有希子,2
162,『博士の愛した数式』の作者として正しいものはどれか,平成,1:江國香織,2:角田光代,3:小川洋子,4:川上弘美,3
163,『コンビニ人間』の作者として正しいものはどれか,平成,1:川上未映子,2:今村夏子,3:村田沙耶香,4:本谷有希子,3
164,『乳と卵』の作者として正しいものはどれか,平成,1:川上未映子,2:綿矢りさ,3:金原ひとみ,4:山崎ナオコーラ,1
165,『武蔵野』と並び、自然主義の先駆とされる『牛肉と馬鈴薯』の作者は誰か,明治,1:島崎藤村,2:国木田独歩,3:田山花袋,4:岩野泡鳴,2
166,言文一致体の先駆とされる『武蔵野』以前の作品『武蔵野（書き出しが「武蔵野の…」）』を執筆した山田美妙と並ぶ文体改革者は誰か,明治,1:二葉亭四迷,2:尾崎紅葉,3:坪内逍遥,4:幸田露伴,1
167,『高瀬舟』や『山椒大夫』など、歴史の事実に拠りつつ独自の倫理観を描いた鷗外の「歴史小説」の先駆作はどれか,明治・大正,1:阿部一族,2:寒山拾得,3:渋江抽斎,4:最後の一句,1
168,『冷笑』や『ふらんす物語』において、明治末期の日本社会を冷徹に批判した作家は誰か,明治,1:永井荷風,2:夏目漱石,3:森鷗外,4:内田魯庵,1
169,『婦系図（おんなけいず）』において、師・紅葉譲りの情念と独自の幻想世界を描いたのは誰か,明治,1:幸田露伴,2:泉鏡花,3:徳冨蘆花,4:徳田秋声,2
170,『出家とその弟子』の作者であり、大正期の宗教的・人道的な精神を象徴する作家は誰か,大正,1:有島武郎,2:武者小路実篤,3:倉田百三,4:阿部次郎,3
171,『友情』と並ぶ白樺派の青春小説の古典『愛と認識との出発』を著したのは誰か,大正,1:武者小路実篤,2:志賀直哉,3:有島武郎,4:倉田百三,4
172,『縮図』や『あらくれ』を著し、自然主義の伝統を大正・昭和へと継承した作家は誰か,大正・昭和,1:田山花袋,2:島崎藤村,3:徳田秋声,4:近松秋江,3
173,『地蔵尊』を著し、大正期の私小説・心境小説の深化に貢献した「漱石門下」の作家は誰か,大正,1:芥川龍之介,2:菊池寛,3:内田百閒,4:久米正雄,3
174,『麦と兵隊』などの「兵隊三部作」を著し、戦時下の国民的作家となったのは誰か,昭和,1:火野葦平,2:石川達三,3:上林暁,4:尾崎一雄,1
175,『生きている兵隊』で検閲を受けつつも、戦場の実態を描こうとした作家は誰か,昭和,1:火野葦平,2:石川達三,3:大岡昇平,4:野間宏,2
176,『雪国』の作者・川端康成が、戦後直後に「あわれ」の精神を深めた古典的回帰を示す作品はどれか,昭和,1:千羽鶴,2:山の音,3:みづうみ,4:古都,1
177,『氷壁』や『敦煌』において、現代的な孤独と壮大な歴史ロマンを並行して描いた作家は誰か,昭和,1:井上靖,2:司馬遼太郎,3:大佛次郎,4:新田次郎,1
178,『不毛地帯』や『沈まぬ太陽』など、巨大な組織と個人の対峙を綿密な取材で描いた社会派作家は誰か,昭和,1:松本清張,2:山崎豊子,3:有吉佐和子,4:城山三郎,2
179,『恍惚の人』や『華岡青洲の妻』など、社会問題と歴史を女性の視点から描いた作家は誰か,昭和,1:円地文子,2:幸田文,3:有吉佐和子,4:瀬戸内寂聴,3
180,『火車』や『理由』において、現代社会の歪みをミステリーの枠組みで描き切った作家は誰か,平成,1:宮部みゆき,2:桐野夏生,3:東野圭吾,4:湊かなえ,1
181,『1Q84』の作者・村上春樹が、地下鉄サリン事件の取材をもとに著したノンフィクションはどれか,平成,1:アンダーグラウンド,2:約束された場所で,3:神の子どもたちはみな踊る,4:ねじまき鳥クロニクル,1
182,『蹴りたい背中』の作者・綿矢りさのデビュー作であり、17歳で文藝賞を受賞した作品はどれか,平成,1:インストール,2:夢を与える,3:勝手にふるえてろ,4:手のひらの京,1
183,明治初期の文学思潮として正しいものはどれか,明治,1:無頼派,2:新感覚派,3:プロレタリア文学,4:擬古典主義,4
184,明治期の言文一致運動について誤っているものはどれか,明治,1:二葉亭四迷が推進,2:和歌改革が中心,3:話し言葉重視,4:小説文体変革,2
185,坪内逍遥の文学論として正しいものはどれか,明治,1:即興詩人,2:詩歌革新論,3:小説神髄,4:日本浪漫派宣言,3
186,明治期の硯友社について誤っているものはどれか,明治,1:写実主義重視,2:尾崎紅葉が中心,3:雅俗折衷体,4:近代恋愛描写,1
187,幸田露伴の文学的傾向として正しいものはどれか,明治,1:色彩美重視,2:自然主義,3:社会主義思想,4:理想主義,4
188,明治期の自然主義文学者として誤っているものはどれか,明治,1:田山花袋,2:島崎藤村,3:尾崎紅葉,4:徳田秋声,3
189,『破戒』について正しいものはどれか,明治,1:浪漫主義詩集,2:自然主義小説,3:明治末期戯曲,4:随筆作品,2
190,『小説神髄』が批判した従来の小説観として正しいものはどれか,明治,1:写実主義,2:自然主義,3:勧善懲悪主義,4:象徴主義,3
191,森鷗外の明治期文学に関する説明として誤っているものはどれか,明治,1:翻訳文学に貢献,2:自然主義全面肯定,3:知的構成重視,4:西洋思想導入,2
192,明治期の浪漫主義詩に強い影響を与えた外国文学として正しいものはどれか,明治,1:英仏ロマン派,2:ロシア写実主義,3:ドイツ自然主義,4:米国リアリズム,1
193,硯友社文学の文章的特徴として最も適切なものはどれか,明治,1:言文一致体,2:写生文体,3:口語自由詩,4:雅俗折衷体,4
194,明治期の評論活動について誤っているものはどれか,明治,1:文学批評が成立,2:詩歌批評は皆無,3:西洋理論の導入,4:小説理論が発展,2
195,明治期に文学の近代化を制度面から支えた動きとして正しいものはどれか,明治,1:講談復興運動,2:新聞小説の普及,3:歌舞伎改良運動,4:口承文芸重視,2
196,森鷗外が明治期に重視した文学姿勢として正しいものはどれか,明治,1:芸術の自律性,2:大衆娯楽性,3:告愛的内面暴露,4:階級闘争性,1
197,明治期における「言文一致」の到達点として最も適切な説明はどれか,明治,1:口語詩の成立,2:和歌改革の完成,3:評論文形式統一,4:小説文体の近代化,4
198,明治期の文学と国家との関係について誤っているものはどれか,明治,1:完全な表現自由,2:検閲制度が存在,3:思想統制の影響,4:教育制度との関係,1
199,北村透谷が主張した肉体を超越した精神の自由を尊ぶ概念は何か,明治,1:歌よみに与ふ,2:解体新書,3:内部生命論,4:小説神髄,3
200,国木田独歩が『武蔵野』において示した視点を何と呼ぶか,明治,1:写生の発見,2:風景の発見,3:遠近法の発見,4:内面の発見,2
201,明治10年代に自由民権運動の宣伝媒体として流行したジャンルはどれか,明治,1:写実小説,2:政治小説,3:社会小説,4:風俗小説,2
202,石川啄木が大逆事件に衝撃を受け文学の傍観者性を拒絶した評論は何か,明治,1:時代閉塞の現状,2:一握の砂,3:悲しき玩具,4:食ふべき詩,1
203,白樺派の思想的特徴として正しいものはどれか,大正,1:階級闘争重視,2:人道主義重視,3:耽美主義追求,4:虚無思想強調,2
204,大正期の耽美派作家として正しいものはどれか,大正,1:志賀直哉,2:島崎藤村,3:谷崎潤一郎,4:田山花袋,3
205,志賀直哉の大正期作品に共通する特徴として誤っているものはどれか,大正,1:簡潔な文体,2:社会革命の主張,3:内面倫理の追究,4:日常題材重視,2
206,大正期文学が明治文学から継承しなかった要素として誤っているものはどれか,大正,1:内面描写の重視,2:西洋思想受容,3:個人表現の追究,4:道徳的教訓性,4
207,有島武郎が主張した本能的な生命力と愛を肯定する思想はどれか,大正,1:人道主義,2:生長の哲学,3:理想主義,4:虚無主義,2
208,芥川龍之介が提唱した芸術的な再構成や技巧を重視する態度はどれか,大正,1:新現実主義,2:自然主義,3:耽美主義,4:シュルレアリスム,1
209,大正時代に隆盛した作家が自身の経験や内面を綴る日本特有の形式はどれか,大正,1:心境小説,2:私小説,3:散文詩,4:告白文学,2
210,萩原朔太郎『月に吠える』が詩史において画期的とされる理由は何か,大正,1:漢詩形式の復活,2:口語自由詩の芸術的完成,3:定型詩への回帰,4:象徴主義の否定,2
211,平塚らいてうが創刊した日本初の女性による思想雑誌はどれか,大正,1:女人芸術,2:青鞜,3:白樺,4:明星,2
212,芥川との論争において谷崎が主張したプロットの建築的面白さはどれか,大正,1:構造的興味,2:写生的リアリズム,3:象徴的空間,4:装飾美,1
213,昭和初期に階級闘争や労働者の現実を重視した文学思潮はどれか,昭和,1:新感覚派,2:プロレタリア文学,3:日本浪漫派,4:白樺派,2
214,1930年代に共産主義思想を放棄した作家がその苦悩を描いたジャンルはどれか,昭和,1:私小説,2:心境小説,3:転向文学,4:社会小説,3
215,坂口安吾が戦後「堕ちること」に人間の真実を見出した批評はどれか,昭和,1:日本文化私観,2:堕落論,3:青春論,4:白痴,2
216,安部公房が『砂の女』で描いた不条理に適応していく世界観はどれか,昭和,1:写実主義,2:実存主義・不条理文学,3:新感覚派,4:私小説,2
217,松本清張によって確立された社会の構造的悪を告発するジャンルはどれか,昭和,1:本格推理,2:変格ミステリー,3:社会派推理小説,4:私立探偵もの,3
218,1960年代末の政治の季節が去った後の喪失感を背景としたグループ名はどれか,昭和,1:戦後派,2:第三の新人,3:内向の世代,4:新感覚派,3
219,中上健次が「紀州連作」において物語装置とした空間はどこか,昭和,1:路地の神話,2:共同体の崩壊,3:血の論理,4:地方の発見,1
220,昭和50年代に村上春樹らの登場により台頭した記号的な思潮はどれか,昭和,1:ポストモダン文学,2:新・新人類の文学,3:ライト・ノベル,4:都市文学,1
221,小林秀雄が作品そのものを批評の対象とする姿勢を確立したことは何か,昭和,1:批評の自律,2:印象批評,3:社会学的批評,4:主観批評,1
222,三島由紀夫が『豊饒の海』で輪回転生を通じて描こうとした概念は何か,昭和,1:唯識,2:絶対美,3:天皇崇拝,4:滅びの美学,1
223,2004年に史上最年少で芥川賞を受賞した二人は誰か,平成,1:小川洋子・多和田葉子,2:綿矢りさ・金原ひとみ,3:青山七恵・村田沙耶香,4:本谷有希子・上田岳弘,2
224,多言語的なアプローチで知られる多和田葉子の震災後の作品はどれか,平成,1:献灯使,2:容疑者の夜行,3:雪の練習生,4:旅をする練習,1
225,多和田葉子が提唱した言語間を移動しながら創作する在り方は何か,平成,1:翻訳文学,2:二言語主義,3:エクソフォニー,4:比較文学,3
226,福島第一原発事故後の風景と個人の記憶を結びつけた柳美里の作品はどれか,平成,1:ゴールドラッシュ,2:命,3:JR上野駅公園口,4:家族シネマ,3
227,語り手が信頼できない等の「叙述の不確実性」を突き詰めた飛浩隆のジャンルはどれか,平成,1:SF（推敲文学）,2:本格推理,3:私小説,4:歴史小説,1
228,明治初期の文学思潮として正しいものはどれか,明治,1:無頼派,2:新感覚派,3:プロレタリア文学,4:擬古典主義,4
229,明治期の言文一致運動について誤っているものはどれか,明治,1:二葉亭四迷が推進,2:和歌改革が中心,3:話し言葉重視,4:小説文体変革,2
230,坪内逍遥の文学論として正しいものはどれか,明治,1:即興詩人,2:詩歌革新論,3:小説神髄,4:日本浪漫派宣言,3
231,明治期の硯友社について誤っているものはどれか,明治,1:写実主義重視,2:尾崎紅葉が中心,3:雅俗折衷体,4:近代恋愛描写,1
232,幸田露伴の文学的傾向として正しいものはどれか,明治,1:色彩美重視,2:自然主義,3:社会主義思想,4:理想主義,4
233,明治期の自然主義文学者として誤っているものはどれか,明治,1:田山花袋,2:島崎藤村,3:尾崎紅葉,4:徳田秋声,3
234,『破戒』について正しいものはどれか,明治,1:浪漫主義詩集,2:自然主義小説,3:明治末期戯曲,4:随筆作品,2
235,『小説神髄』が批判した従来の小説観として正しいものはどれか,明治,1:写実主義,2:自然主義,3:勧善懲悪主義,4:象徴主義,3
236,森鷗外の明治期文学に関する説明として誤っているものはどれか,明治,1:翻訳文学に貢献,2:自然主義全面肯定,3:知的構成重視,4:西洋思想導入,2
237,明治期の浪漫主義詩に強い影響を与えた外国文学として正しいものはどれか,明治,1:英仏ロマン派,2:ロシア写実主義,3:ドイツ自然主義,4:米国リアリズム,1
238,硯友社文学の文章的特徴として最も適切なものはどれか,明治,1:言文一致体,2:写生文体,3:口語自由詩,4:雅俗折衷体,4
239,明治期の評論活動について誤っているものはどれか,明治,1:文学批評が成立,2:詩歌批評は皆無,3:西洋理論の導入,4:小説理論が発展,2
240,明治期に文学の近代化を制度面から支えた動きとして正しいものはどれか,明治,1:講談復興運動,2:新聞小説の普及,3:歌舞伎改良運動,4:口承文芸重視,2
241,森鷗外が明治期に重視した文学姿勢として正しいものはどれか,明治,1:芸術の自律性,2:大衆娯楽性,3:告愛的内面暴露,4:階級闘争性,1
242,明治期における「言文一致」の到達点として最も適切な説明はどれか,明治,1:口語詩の成立,2:和歌改革の完成,3:評論文の形式統一,4:小説文体の近代化,4
243,明治期の文学と国家との関係について誤っているものはどれか,明治,1:完全な表現自由,2:検閲制度が存在,3:思想統制の影響,4:教育制度との関係,1
244,北村透谷が主張した「内部生命」の概念を論じた批評はどれか,明治,1:歌よみに与ふ,2:解体新書,3:内部生命論,4:小説神髄,3
245,国木田独歩が『武蔵野』において示した視点を何と呼ぶか,明治,1:写生の発見,2:風景の発見,3:遠近法の発見,4:内面の発見,2
246,明治10年代に自由民権運動の宣伝媒体として流行したジャンルはどれか,明治,1:写実小説,2:政治小説,3:社会小説,4:風俗小説,2
247,石川啄木が大逆事件に衝撃を受け文学の傍観者性を拒絶した評論は何か,明治,1:時代閉塞の現状,2:一握の砂,3:悲しき玩具,4:食ふべき詩,1
248,『高野聖』の作者として正しいものはどれか,明治,1:国木田独歩,2:岩野泡鳴,3:泉鏡花,4:内田魯庵,3
249,『耽溺』の作者として正しいものはどれか,明治,1:内田魯庵,2:岩野泡鳴,3:斎藤緑雨,4:北村透谷,2
250,『義血侠血』の作者として正しいものはどれか,明治,1:泉鏡花,2:国木田独歩,3:北村透谷,4:内田魯庵,1
251,『金色夜叉』の作者として正しいものはどれか,明治,1:尾崎紅葉,2:泉鏡花,3:幸田露伴,4:樋口一葉,1
252,『たけくらべ』の作者として正しいものはどれか,明治,1:与謝野晶子,2:田山花袋,3:国木田独歩,4:樋口一葉,4
253,『坊っちゃん』の作者として正しいものはどれか,明治,1:森鷗外,2:永井荷風,3:夏目漱石,4:二葉亭四迷,3
254,『若菜集』の作者として正しいものはどれか,明治,1:北村透谷,2:高村光太郎,3:佐藤春夫,4:島崎藤村,4
255,『みだれ髪』の作者として正しいものはどれか,明治,1:与謝野晶子,2:樋口一葉,3:正岡子規,4:北原白秋,1
256,『舞姫』の文学的性格として正しいものはどれか,明治,1:自伝的恋愛小説,2:社会派推理,3:自然主義告白,4:歴史小説,1
257,徳冨蘆花が家父長制の矛盾を突いた『不如帰』などのジャンルはどれか,明治,1:私小説,2:政治小説,3:家庭小説,4:告白小説,3
258,白樺派の思想的特徴として正しいものはどれか,大正,1:階級闘争重視,2:人道主義重視,3:耽美主義追求,4:虚無思想強調,2
259,大正期の耽美派作家として正しいものはどれか,大正,1:志賀直哉,2:島崎藤村,3:谷崎潤一郎,4:田山花袋,3
260,志賀直哉の大正期作品に共通する特徴として誤っているものはどれか,大正,1:簡潔な文体,2:社会革命の主張,3:内面倫理の追究,4:日常題材重視,2
261,大正期文学が明治文学から継承しなかった要素として誤っているものはどれか,大正,1:内面描写の重視,2:西洋思想受容,3:個人表現の追究,4:道徳的教訓性,4
262,有島武郎が主張した本能的な生命力と愛を肯定する思想はどれか,大正,1:人道主義,2:生長の哲学,3:理想主義,4:虚無主義,2
263,芥川龍之介が提唱した芸術的な再構成や技巧を重視する態度はどれか,大正,1:新現実主義,2:自然主義,3:耽美主義,4:シュルレアリスム,1
264,大正時代に隆盛した作家が自身の経験や内面を綴る日本特有の形式はどれか,大正,1:心境小説,2:私小説,3:散文詩,4:告白文学,2
265,萩原朔太郎『月に吠える』が詩史において画期的とされる理由は何か,大正,1:漢詩形式の復活,2:口語自由詩の芸術的完成,3:定型詩への回帰,4:象徴主義の否定,2
266,平塚らいてうが創刊した日本初の女性による思想雑誌はどれか,大正,1:女人芸術,2:青鞜,3:白樺,4:明星,2
267,芥川との論争において谷崎が主張したプロットの建築的面白さはどれか,大正,1:構造的興味,2:写生的リアリズム,3:象徴的空間,4:装飾美,1
268,有島武郎の作品として正しいものはどれか,大正,1:暗夜行路,2:斜陽,3:春琴抄,4:或る女,4
269,『檸檬』の作者として正しいものはどれか,大正,1:室生犀星,2:志賀直哉,3:梶井基次郎,4:菊池寛,3
270,佐藤春夫の作品として正しいものはどれか,大正,1:田園の憂鬱,2:月に吠える,3:野火,4:点と線,1
271,室生犀星の作品として正しいものはどれか,大正,1:金閣寺,2:獄門島,3:ドグラマグラ,4:あにいもうと,4
272,『明暗』の作者として正しいものはどれか,大正,1:森鷗外,2:志賀直哉,3:夏目漱石,4:谷崎潤一郎,3
273,『城の崎にて』の作者として正しいものはどれか,大正,1:室生犀星,2:志賀直哉,3:菊池寛,4:佐藤春夫,2
274,『地獄変』の作者として正しいものはどれか,大正,1:有島武郎,2:里見弴,3:長塚節,4:芥川龍之介,4
275,『父帰る』が描く中心テーマとして正しいものはどれか,大正,1:家族倫理,2:恋愛至上,3:政治批判,4:宗教問題,1
276,中里介山が『大菩薩峠』で提示した大衆文学の先駆的ジャンルはどれか,大正,1:時代小説,2:大衆小説（実録文学）,3:政治小説,4:冒険小説,2
277,村山知義らの「マヴォ（MAVO）」が掲げた伝統破壊の思潮はどれか,大正,1:ダダイスム,2:構成主義,3:シュルレアリスム,4:未来派,1
278,昭和初期に階級闘争や労働者の現実を重視した文学思潮はどれか,昭和,1:新感覚派,2:プロレタリア文学,3:日本浪漫派,4:白樺派,2
279,1930年代に共産主義思想を放棄した作家がその苦悩を描いたジャンルはどれか,昭和,1:私小説,2:心境小説,3:転向文学,4:社会小説,3
280,坂口安吾が戦後「堕ちること」に人間の真実を見出した批評はどれか,昭和,1:日本文化私観,2:堕落論,3:青春論,4:白痴,2
281,安部公房が『砂の女』で描いた不条理に適応していく世界観はどれか,昭和,1:写実主義,2:実存主義・不条理文学,3:新感覚派,4:私小説,2
282,松本清張によって確立された社会の構造的悪を告発するジャンルはどれか,昭和,1:本格推理,2:変格ミステリー,3:社会派推理小説,4:私立探偵もの,3
283,1960年代末の政治の季節が去った後の喪失感を背景としたグループ名はどれか,昭和,1:戦後派,2:第三の新人,3:内向の世代,4:新感覚派,3
284,中上健次が「紀州連作」において物語装置とした空間はどこか,昭和,1:路地の神話,2:共同体の崩壊,3:血の論理,4:地方の発見,1
285,昭和50年代に村上春樹らの登場により台頭した記号的な思潮はどれか,昭和,1:ポストモダン文学,2:新・新人類の文学,3:ライト・ノベル,4:都市文学,1
286,小林秀雄が作品そのものを批評の対象とする姿勢を確立したことは何か,昭和,1:批評の自律,2:印象批評,3:社会学的批評,4:主観批評,1
287,三島由紀夫が『豊饒の海』で輪回転生を通じて描こうとした概念は何か,昭和,1:唯識,2:絶対美,3:天皇崇拝,4:滅びの美学,1
288,『銀河鉄道の夜』の作者として正しいものはどれか,昭和,1:井伏鱒二,2:宮沢賢治,3:横溝正史,4:夢野久作,2
289,江戸川乱歩の作品として誤っているものはどれか,昭和,1:人間椅子,2:孤島の鬼,3:怪人二十面相,4:斜陽,4
290,『黒い雨』の作者として正しいものはどれか,昭和,1:大岡昇平,2:野間宏,3:井伏鱒二,4:小島信夫,3
291,『火垂るの墓』の作者として正しいものはどれか,昭和,1:安岡章太郎,2:井上靖,3:遠藤周作,4:野坂昭如,4
292,『楢山節考』の作者として正しいものはどれか,昭和,1:石坂洋次郎,2:深沢七郎,3:松本清張,4:横溝正史,2
293,『個人的な体験』の作者として正しいものはどれか,昭和,1:仮面の告白,2:大江健三郎,3:砂の女,4:天平の甍,2
294,『ドグラマグラ』の作者として正しいものはどれか,昭和,1:夢野久作,2:宮沢賢治,3:野坂昭如,4:井伏鱒二,1
295,『野火』の主題として最も適切なものはどれか,昭和,1:極限状況の人間,2:英雄的戦争,3:国家賛美,4:郷土愛,1
296,『山椒魚』の寓意として正しいものはどれか,昭和,1:知識人の閉塞,2:戦争批判,3:恋愛葛藤,4:宗教懐疑,1
297,保田與重郎らを中心に、日本独自の古典回帰や美を称揚したグループはどれか,昭和,1:日本浪漫派,2:新戯作派,3:白樺派,4:文学界,1
298,『ノルウェイの森』で世界的なブームを巻き起こした作者は誰か,平成,1:川上未映子,2:村上春樹,3:吉本ばなな,4:島田雅彦,2
299,2004年に史上最年少で芥川賞を受賞した二人は誰か,平成,1:小川洋子・多和田葉子,2:綿矢りさ・金原ひとみ,3:青山七恵・村田沙耶香,4:本谷有希子・上田岳弘,2
300,ミステリー界で「社会派」の筆頭とされ、『火車』や『模倣犯』を著した作家は誰か,平成,1:桐野夏生,2:東野圭吾,3:宮部みゆき,4:湊かなえ,3
301,現代の閉塞感や身体性を描き、芥川賞を受賞した村田沙耶香の作品はどれか,平成,1:タッタちゃん,2:しろいろの街の,3:地球星人,4:コンビニ人間,4
302,東日本大震災以降の言葉を問い、多言語的なアプローチで知られる多和田葉子の作品はどれか,平成,1:献灯使,2:容疑者の夜行,3:雪の練習生,4:旅をする練習,1
303,お笑い芸人として初の芥川賞受賞となり、社会的話題となった又吉直樹の作品はどれか,平成,1:劇場,2:人間,3:火花,4:東京百景,3
304,多和田葉子が提唱した言語間を移動しながら創作する在り方は何か,平成,1:翻訳文学,2:二言語主義,3:エクソフォニー,4:比較文学,3
305,福島第一原発事故後の風景と個人の記憶を結びつけた柳美里の作品はどれか,平成,1:ゴールドラッシュ,2:命,3:JR上野駅公園口,4:家族シネマ,3
306,「内面」の記述を放棄し、徹底した外部描写を試みた平野啓一郎のデビュー作はどれか,平成,1:日蝕,2:一月物語,3:決壊,4:ドーン,1
307,『盤上の夜』において、ゲームの論理と実存を結びつけた宮内悠介の作品は何文学とされるか,平成,1:推敲文学,2:SF（ニュー・ウェーブ）,3:歴史小説,4:私小説,2
308,正岡子規の死後、俳句において季語や定型に縛られない「自由律俳句」を提唱した河東碧梧桐の運動を何と呼ぶか,明治・大正,1:写生派,2:新傾向俳句,3:有季定型派,4:伝統俳句,2
309,明治末期、北原白秋が『思ひ出』において、異国情緒や官能的な感覚を歌い上げ、日本の象徴詩の頂点を示した詩集はどれか,明治,1:邪宗門,2:抒情小曲集,3:海の声,4:道程,1
310,大正期、自由律短歌の代表者であり、「分け入つても分け入つても青い山」などの句で知られる放浪の俳人は誰か,大正,1:石川啄木,2:種田山頭火,3:尾崎放哉,4:斎藤茂吉,2
311,昭和初期、北川冬彦らを中心に、既成の抒情を排し、即物的な描写や機械美を追求した詩の運動を何と呼ぶか,昭和,1:シネマ詩（新詩論）,2:荒地派,3:象徴詩,4:四季派,1
312,明治末期、自然主義の台頭に対し、政府が「徳育」の観点から文学を善導しようと設置し、鷗外らが参加した組織は何か,明治,1:教化委員会,2:文芸委員会,3:検閲局,4:帝国芸術院,2
313,昭和初期、プロレタリア文学への弾圧が強まる中、共産党員作家・小林多喜二が築地警察署で拷問死した事件は何年か,昭和,1:1925年,2:1929年,3:1933年,4:1937年,3
314,戦時下において、谷崎潤一郎の『細雪』や島崎藤村の『夜明け前』が、軍部から「時局にそぐわない」として受けた処置は何か,昭和,1:掲載禁止・発禁,2:内容改竄,3:国外追放,4:推薦図書指定,1
315,終領下の日本において、GHQ（連合国軍最高司令官総司令部）が行った、軍国主義的・封建的表現を禁じた検閲を何と呼ぶか,昭和,1:特高検閲,2:プレスコード,3:教化統制,4:削除命令,2
316,明治期、「青鞜」に参加し、後に『おはん』などの名作で人間の業と愛欲を冷徹に描き続けた作家は誰か,明治・昭和,1:宇野千代,2:林芙美子,3:平林たい子,4:岡本かの子,1
317,大正・昭和期、芸術家・岡本一平の妻であり、生命力に溢れた華麗な文体で『生々流転』などを著した作家は誰か,大正・昭和,1:有吉佐和子,2:幸田文,3:岡本かの子,4:円地文子,3
318,戦後、父・露伴の死を看取った経験をもとに、『父』や『流れる』において、凛とした生活者の視点を描いた作家は誰か,昭和,1:幸田文,2:森茉莉,3:山崎豊子,4:茨木のり子,1
319,昭和中期、日本の古典（『源氏物語』など）の現代語訳や、女性の情念を描いた『なまみこ物語』で知られる作家は誰か,昭和,1:瀬戸内寂聴,2:田辺聖子,3:円地文子,4:河野多惠子,3
320,昭和初期、堀辰雄が『聖家族』などで試みた、フランス心理主義文学（プルーストら）の影響下で人間の意識を分析する手法を何と呼ぶか,昭和,1:新感覚派,2:新心理主義,3:自然主義,4:日本浪漫派,2
321,梶井基次郎が『檸檬』や『冬の日』において、自身の肺結核による「死の予感」を視覚的な色彩や物象に託して描いた文芸的性質は何か,昭和,1:感覚的象徴主義,2:写実主義,3:社会主義,4:人道主義,1
322,『多情多恨』の作者として正しいものはどれか,明治,1:幸田露伴,2:尾崎紅葉,3:坪内逍遥,4:山田美妙,2
323,『あざみ』の作者として正しいものはどれか,明治,1:二葉亭四迷,2:国木田独歩,3:斎藤緑雨,4:内田魯庵,3
324,『五重塔』の作者として正しいものはどれか,明治,1:尾崎紅葉,2:泉鏡花,3:幸田露伴,4:徳冨蘆花,3
325,『地獄の歌』の作者として正しいものはどれか,明治,1:岩野泡鳴,2:田山花袋,3:島崎藤村,4:近松秋江,1
326,『草枕』の作者として正しいものはどれか,明治,1:森鷗外,2:夏目漱石,3:泉鏡花,4:徳冨蘆花,2
327,『にごりえ』の作者として正しいものはどれか,明治,1:与謝野晶子,2:樋口一葉,3:田村俊子,4:木良子,2
328,『或る女』の作者として正しいものはどれか,大正,1:志賀直哉,2:武者小路実篤,3:有島武郎,4:里見弴,3
329,『奉教人の死』の作者として正しいものはどれか,大正,1:芥川龍之介,2:菊池寛,3:久米正雄,4:宇野浩二,1
330,『真理先生』の作者として正しいものはどれか,大正,1:志賀直哉,2:武者小路実篤,3:有島武郎,4:倉田百三,2
331,『田園の憂鬱』の作者として正しいものはどれか,大正,1:室生犀星,2:萩原朔太郎,3:佐藤春夫,4:堀口大学,3
332,『あにいもうと』の作者として正しいものはどれか,大正,1:室生犀星,2:志賀直哉,3:芥川龍之介,4:広津和郎,1
333,『腕くらべ』の作者として正しいものはどれか,大正,1:谷崎潤一郎,2:永井荷風,3:久保田万太郎,4:里見弴,2
334,『春は馬車に乗って』の作者として正しいものはどれか,昭和,1:川端康成,2:横光利一,3:堀辰雄,4:梶井基次郎,2
335,『風立ちぬ』の作者として正しいものはどれか,昭和,1:川端康成,2:横光利一,3:堀辰雄,4:伊藤整,3
336,『ヴィヨンの妻』の作者として正しいものはどれか,昭和,1:坂口安吾,2:織田作之助,3:太宰治,4:石川淳,3
337,『白痴』の作者として正しいものはどれか,昭和,1:太宰治,2:坂口安吾,3:織田作之助,4:田中英光,2
338,『真空地帯』の作者として正しいものはどれか,昭和,1:大岡昇平,2:武田泰淳,3:野間宏,4:椎名麟三,3
339,『砂の女』の作者として正しいものはどれか,昭和,1:安部公房,2:三島由紀夫,3:大江健三郎,4:井上靖,1
340,『個人的な体験』の作者として正しいものはどれか,昭和,1:三島由紀夫,2:大江健三郎,3:安部公房,4:中上健次,2
341,『岬』の作者として正しいものはどれか,昭和,1:大江健三郎,2:中上健次,3:古井由吉,4:後藤明生,2
342,『キッチン』の作者として正しいものはどれか,平成,1:川上未映子,2:江國香織,3:吉本ばなな,4:小川洋子,3
343,『蛇にピアス』の作者として正しいものはどれか,平成,1:綿矢りさ,2:金原ひとみ,3:村田沙耶香,4:本谷有希子,2
344,『博士の愛した数式』の作者として正しいものはどれか,平成,1:江國香織,2:角田光代,3:小川洋子,4:川上弘美,3
345,『コンビニ人間』の作者として正しいものはどれか,平成,1:川上未映子,2:今村夏子,3:村田沙耶香,4:本谷有希子,3
346,『乳と卵』の作者として正しいものはどれか,平成,1:川上未映子,2:綿矢りさ,3:金原ひとみ,4:山崎ナオコーラ,1
347,『武蔵野』と並び、自然主義の先駆とされる『牛肉と馬鈴薯』の作者は誰か,明治,1:島崎藤村,2:国木田独歩,3:田山花袋,4:岩野泡鳴,2
348,言文一致体の先駆とされる『武蔵野』以前の作品『武蔵野（書き出しが「武蔵野の…」）』を執筆した山田美妙と並ぶ文体改革者は誰か,明治,1:二葉亭四迷,2:尾崎紅葉,3:坪内逍遥,4:幸田露伴,1
349,『高瀬舟』や『山椒大夫』など、歴史の事実に拠りつつ独自の倫理観を描いた鷗外の「歴史小説」の先駆作はどれか,明治・大正,1:阿部一族,2:寒山拾得,3:渋江抽斎,4:最後の一句,1
350,『冷笑』や『ふらんす物語』において、明治末期の日本社会を冷徹に批判した作家は誰か,明治,1:永井荷風,2:夏目漱石,3:森鷗外,4:内田魯庵,1
351,『婦系図（おんなけいず）』において、師・紅葉譲りの情念と独自の幻想世界を描いたのは誰か,明治,1:幸田露伴,2:泉鏡花,3:徳冨蘆花,4:徳田秋声,2
352,『出家とその弟子』の作者であり、大正期の宗教的・人道的な精神を象徴する作家は誰か,大正,1:有島武郎,2:武者小路実篤,3:倉田百三,4:阿部次郎,3
353,『友情』と並ぶ白樺派の青春小説の古典『愛と認識との出発』を著したのは誰か,大正,1:武者小路実篤,2:志賀直哉,3:有島武郎,4:倉田百三,4
354,『縮図』や『あらくれ』を著し、自然主義の伝統を大正・昭和へと継承した作家は誰か,大正・昭和,1:田山花袋,2:島崎藤村,3:徳田秋声,4:近松秋江,3
355,『地蔵尊』を著し、大正期の私小説・心境小説の深化に貢献した「漱石門下」の作家は誰か,大正,1:芥川龍之介,2:菊池寛,3:内田百閒,4:久米正雄,3
356,『麦と兵隊』などの「兵隊三部作」を著し、戦時下の国民的作家となったのは誰か,昭和,1:火野葦平,2:石川達三,3:上林暁,4:尾崎一雄,1
357,『生きている兵隊』で検閲を受けつつも、戦場の実態を描こうとした作家は誰か,昭和,1:火野葦平,2:石川達三,3:大岡昇平,4:野間宏,2
358,『雪国』の作者・川端康成が、戦後直後に「あわれ」の精神を深めた古典的回帰を示す作品はどれか,昭和,1:千羽鶴,2:山の音,3:みづうみ,4:古都,1
359,『氷壁』や『敦煌』において、現代的な孤独と壮大な歴史ロマンを並行して描いた作家は誰か,昭和,1:井上靖,2:司馬遼太郎,3:大佛次郎,4:新田次郎,1
360,『不毛地帯』や『沈まぬ太陽』など、巨大な組織と個人の対峙を綿密な取材で描いた社会派作家は誰か,昭和,1:松本清張,2:山崎豊子,3:有吉佐和子,4:城山三郎,2
361,『恍惚の人』や『華岡青洲の妻』など、社会問題と歴史を女性の視点から描いた作家は誰か,昭和,1:円地文子,2:幸田文,3:有吉佐和子,4:瀬戸内寂聴,3
362,『火車』や『理由』において、現代社会の歪みをミステリーの枠組みで描き切った作家は誰か,平成,1:宮部みゆき,2:桐野夏生,3:東野圭吾,4:湊かなえ,1
363,『1Q84』の作者・村上春樹が、地下鉄サリン事件の取材をもとに著したノンフィクションはどれか,平成,1:アンダーグラウンド,2:約束された場所で,3:神の子どもたちはみな踊る,4:ねじまき鳥クロニクル,1
364,『蹴りたい背中』の作者・綿矢りさのデビュー作であり、17歳で文藝賞を受賞した作品はどれか,平成,1:インストール,2:夢を与える,3:勝手にふるえてろ,4:手のひらの京,1
365,『古事記』の編纂において誦読（暗唱）の役割を担った人物は誰か,奈良時代,1:藤原定家,2:紀貫之,3:稗田阿礼,4:清少納言,3
366,『万葉集』の歌風の特徴として最も適切なものはどれか,奈良時代,1:技巧的で繊細な表現,2:率直で力強い（ますらをぶり）,3:滑稽味を重視する,4:幽玄を重んじる,2
367,『竹取物語』の文学史上の意義として正しいものはどれか,平安時代,1:随筆の成立,2:歌物語の完成,3:現存最古の物語,4:軍記の原型,3
368,『伊勢物語』のジャンルとして正しいものはどれか,平安時代,1:仏教説話集,2:日記文学,3:随筆文学,4:歌物語,4
369,『土佐日記』において紀貫之が用いた記述上の工夫はどれか,平安時代,1:漢文で公的な記録を残した,2:男性が女性を装い仮名で記した,3:和歌を一切排除した,4:口承文芸を筆録した,2
370,『源氏物語』の作者として正しいものはどれか,平安時代,1:清少納言,2:紫式部,3:和泉式部,4:赤染衛門,2
371,平安時代の随筆文学の代表作であり「をかし」の美意識で知られる作品はどれか,平安時代,1:更級日記,2:枕草子,3:蜻蛉日記,4:紫式部日記,2
372,『古今和歌集』の仮名序を執筆した人物は誰か,平安時代,1:在原業平,2:藤原公任,3:紀貫之,4:藤原定家,3
373,『今昔物語集』の構成上の特徴として正しいものはどれか,平安時代,1:和歌のみを収める,2:天竺 震旦 本朝の三部構成,3:作者が一人に特定される,4:平安遷都以前の物語のみを描く,2
374,「六歌仙」の一人に数えられる『伊勢物語』のモデルとされる人物は誰か,平安時代,1:文屋康秀,2:喜撰法師,3:在原業平,4:小野小町,3
375,『方丈記』の作者であり隠遁生活を背景に無常観を綴ったのは誰か,鎌倉時代,1:吉田兼好,2:西行,3:俊成,4:鴨長明,4
376,『徒然草』の作者として一般的に用いられる呼称はどれか,鎌倉時代,1:卜部兼好,2:鴨長明,3:兼好法師,4:阿仏尼,3
377,『新古今和歌集』の編纂を中心的に担い「有心」の歌風を確立したのは誰か,鎌倉時代,1:紀貫之,2:藤原定家,3:鴨長明,4:西行,2
378,琵琶法師の語りを通じて広まった平家の興亡を描く軍記物語はどれか,鎌倉時代,1:保元物語,2:平治物語,3:平家物語,4:太平記,3
379,鎌倉時代の仏教説話集で、民衆教化のために記された無住の著作はどれか,鎌倉時代,1:今昔物語集,2:宇治拾遺物語,3:沙石集,4:十訓抄,3
380,南北朝の動乱を描き、室町時代に成立した軍記物語はどれか,室町時代,1:平家物語,2:承久記,3:義経記,4:太平記,4
381,能楽の理論書『風姿花伝』を著し「幽玄」の美を説いたのは誰か,室町時代,1:観阿弥,2:宗祇,3:世阿弥,4:一休宗純,3
382,室町時代に流行した、複数の人が句を連ねていく集団文芸を何と呼ぶか,室町時代,1:俳諧,2:和歌,3:連歌,4:狂言,3
383,室町時代の庶民的な短編物語の総称を何と呼ぶか,室町時代,1:仮名草子,2:御伽草子,3:浮世草子,4:読本,2
384,室町時代の連歌を大成し『新撰つくば集』を編纂したのは誰か,室町時代,1:心敬,2:肖柏,3:芭蕉,4:宗祇,4
385,江戸時代初期に流行した、平易な文体で教訓や娯楽を綴った読み物を何と呼ぶか,江戸時代,1:浮世草子,2:読本,3:仮名草子,4:黄表紙,3
386,『好色一代男』などの浮世草子を著し、町人の現実的な生活を描いたのは誰か,江戸時代,1:近松門左衛門,2:松尾芭蕉,3:井原西鶴,4:上田秋成,3
387,『おくのほそ道』を著し、俳諧に高い精神性を付与したのは誰か,江戸時代,1:与謝蕪村,2:小林一茶,3:松本芭蕉,4:井原西鶴,3
388,『曽根崎心中』などの浄瑠璃・歌舞伎の脚本を書いた「東洋のシェイクスピア」と称される人物は誰か,江戸時代,1:近松門左衛門,2:市川団十郎,3:竹本義太夫,4:出雲阿国,1
389,江戸後期の読本の代表作『雨月物語』の作者は誰か,江戸時代,1:曲亭馬琴,2:上田秋成,3:山東京伝,4:十返舎一九,2
390,『南総里見八犬伝』を著し、勧善懲悪を長大な物語として構成したのは誰か,江戸時代,1:上田秋成,2:曲亭馬琴,3:恋川春町,4:柳亭種彦,2
391,『東海道中膝栗毛』のジャンルとして正しいものはどれか,江戸時代,1:人情本,2:洒落本,3:滑稽本,4:読本,3
392,江戸時代に普及した、絵が中心の娯楽本（草双紙）のうち、風刺や滑稽を特徴とするものはどれか,江戸時代,1:赤本,2:青本,3:黄表紙,4:黒本,3
393,俳諧において「不易流行」の理念を唱えたのは誰か,江戸時代,1:与謝蕪村,2:小林一茶,3:松尾芭蕉,4:向井去来,3
394,江戸文学がそれまでの文学と決定的に異なる社会的背景は何か,江戸時代,1:宮廷による保護,2:出版文化の発達と読者層の拡大,3:宗教的権威の独占,4:武士のみの享受,2
395,『日本書紀』の記述体裁について正しい説明はどれか,奈良時代,1:仮名で書かれた物語体,2:天皇の私的な回想録,3:漢文体で編纂された歴史書,4:各地の説話を集めた和文体,3
396,『風土記』の編纂目的として最も適切なものはどれか,奈良時代,1:和歌の収集と分類,2:仏教の教理の普及,3:地方の統治と地理的情報の把握,4:宮廷儀礼の記録,3
397,『宇津保物語』の文学史上の位置づけとして正しいものはどれか,平安時代,1:日本最初の随筆,2:初期の長編物語,3:軍記物語の先駆,4:最初の和歌集,2
398,『和泉式部日記』の作者属性として正しいものはどれか,平安時代,1:女流作家,2:僧侶,3:武士,4:男性官人,1
399,『更級日記』の内容として適切なものはどれか,平安時代,1:宮廷の公式行事記録,2:作者の生涯を回想的に記した日記,3:歴史的事実の年代記,4:和歌の批評書,2
400,「六歌仙」の一人に数えられる女性歌人は誰か,平安時代,1:紫式部,2:和泉式部,3:赤染衛門,4:小野小町,4
401,『今昔物語集』に含まれない区分（場所の分類）はどれか,平安時代,1:天竺,2:震旦,3:本朝,4:西洋,4
402,『宇治拾遺物語』について正しい説明はどれか,鎌倉時代,1:作者が兼好法師である,2:勅撰和歌集である,3:仏教説話と世俗説話を含む,4:貴族の日記文学である,3
403,『保元物語』や『平治物語』の文学的性格として適切なものはどれか,鎌倉時代,1:随筆文学,2:歌物語,3:軍記物語,4:日記文学,3
404,『方丈記』の文体的性格として不適切なものはどれか,鎌倉時代,1:和漢混交文,2:仮名散文,3:漢文体のみの記述,4:随想的記述,3
405,『徒然草』が随筆史上重要とされる構成上の特徴はどれか,鎌倉時代,1:一貫した物語性,2:断想的な随筆の形式確立,3:歴史事実の年代記,4:体系的な評論,2
406,世阿弥が記した能楽論のうち、芸の修行段階を説いたものはどれか,室町時代,1:連歌論,2:風姿花伝,3:十訓抄,4:御伽草子,2
407,五山文学の主な担い手と表現形式はどれか,室町時代,1:禅僧による漢詩文,2:武士による軍記,3:町人による俳諧,4:女性による仮名日記,1
408,連歌の本質的な特徴として正しいものはどれか,室町時代,1:複数人による共同制作,2:個人の独白の強調,3:写実的な描写の徹底,4:漢詩との融合,1
409,安土桃山時代にキリシタン版として刊行された軍記物語はどれか,安土桃山時代,1:天草版平家物語,2:御伽草子,3:太平記,4:義経記,1
410,江戸時代初期に流行した『伊曽保物語』などが属するジャンルはどれか,江戸時代,1:浮世草子,2:読本,3:仮名草子,4:滑稽本,3
411,『雨月物語』において上田秋成が用いた、古典への深い造詣に基づく特徴はどれか,江戸時代,1:怪異表現と知的構成,2:徹底した滑稽味,3:武士の武勇伝,4:町人の経済活動描写,1
412,曲亭馬琴の『南総里見八犬伝』が掲げた、物語の道徳的な根幹はどれか,江戸時代,1:現世享楽,2:勧善懲悪,3:実証主義,4:幽玄,2
413,『東海道中膝栗毛』の主人公二人の名前として正しい組み合わせはどれか,江戸時代,1:弥次郎兵衛・喜多八,2:清兵衛・太助,3:金さん・銀さん,4:茂吉・吾作,1
414,江戸文学において「黄表紙」の作者として知られる、恋川春町の代表作はどれか,江戸時代,1:金々先生栄華夢,2:好色一代男,3:雨月物語,4:八つ墓村,1
415,江戸時代の俳諧師で、「写生」を重んじ『新花摘』などを著した作者は誰か,江戸時代,1:松尾芭蕉,2:与謝蕪村,3:小林一茶,4:井原西鶴,2
416,洒落本の代表的作者であり、後に寛政の改革で弾圧を受けた人物は誰か,江戸時代,1:山東京伝,2:曲亭馬琴,3:十返舎一九,4:式亭三馬,1
417,義太夫節を創始し、近松門左衛門と協力して浄瑠璃を盛り立てた人物は誰か,江戸時代,1:竹本義太夫,2:宗祇,3:世阿弥,4:出雲阿国,1
418,『万葉集』の編纂において、それまでの「ますらをぶり」から「たをやめぶり」へと移り変わる第四期の中心歌人は誰か,奈良時代,1:山上憶良,2:柿本人麻呂,3:大伴家持,4:山部赤人,3
419,『古今和歌集』の六歌仙のうち、唯一の僧侶であり「わびぬれば今はた同じ難波なる…」の歌で知られるのは誰か,平安時代,1:喜撰法師,2:遍昭,3:良岑宗貞,4:文屋康秀,1
420,『源氏物語』の「宇治十帖」において、薫と匂宮の間で揺れ動き、最後は入水を図るヒロインは誰か,平安時代,1:大君,2:中君,3:浮舟,4:女三の宮,3
421,『枕草子』において、清少納言が仕えた中宮定子の父であり、一家の繁栄と没落の契機を作った政治家は誰か,平安時代,1:藤原道長,2:藤原道隆,3:藤原兼家,4:藤原実資,2
422,『落窪物語』の文学史上の性格として、後の『源氏物語』にも影響を与えたとされる類型はどれか,平安時代,1:歌物語,2:継子いじめ物語,3:作り物語（伝奇）,4:歴史物語,2
423,『大鏡』において、雲林院の菩提講で語り合う二人の老人の名前の組み合わせとして正しいものはどれか,平安時代,1:大宅世継・夏山繁樹,2:紀静子・小野良実,3:藤原実資・藤原道長,4:阿部清明・蘆屋道満,1
424,『栄花物語』が藤原道長の栄華を肯定的に描いたのに対し、批判的・客観的視点（鏡物）で描いた最初の歴史物語はどれか,平安時代,1:今鏡,2:水鏡,3:大鏡,4:増鏡,3
425,『和泉式部日記』において、亡き弾正尹宮に代わって和泉式部のもとを訪れる弟宮は誰か,平安時代,1:敦道親王,2:敦康親王,3:居貞親王,4:具平親王,1
426,『方丈記』の成立（1212年）とほぼ同時期に編纂された、中世歌論の頂点とされる藤原定家の歌学書はどれか,鎌倉時代,1:近代秀歌,2:毎月抄,3:無名抄,4:歌論乙夜,1
427,『徒然草』第137段「花はさかりに」において、兼好法師が提示した「不完全なもの、去りゆくもの」に美を見出す美意識を何と呼ぶか,鎌倉時代,1:幽玄,2:余白・中途の美（無常の美）,3:もののあはれ,4:雅（みやび）,2
428,鴨長明が『方丈記』以前に著した、和歌の指導書（歌論書）として正しいものはどれか,鎌倉時代,1:無名抄,2:八雲御抄,3:井蛙抄,4:竹向きが記,1
429,『新古今和歌集』の撰者五人のうち、唯一の僧侶であり、後に『愚管抄』を著した人物は誰か,鎌倉時代,1:西行,2:慈円,3:寂蓮,4:藤原家隆,2
430,『平家物語』の諸本のうち、平家の滅亡後、建礼門院が語る後日談を含み、最も文学的完成度が高いとされる系統はどれか,鎌倉時代,1:延慶本,2:灌頂巻（かんじょうのまき）,3:四部合戦状,4:読み本系,2
431,世阿弥が『風姿花伝』において、年齢に応じた修行のあり方を説いた中で、一生涯持ち続けるべき「初心」を指す有名な句はどれか,室町時代,1:初心忘るべからず,2:時分の花,3:秘すれば花,4:老骨に花あり,1
432,『とはずがたり』の作者であり、後深草院に仕えた後、出家して各地を漂泊した女性は誰か,鎌倉・室町時代,1:阿仏尼,2:後深草院二条,3:菅原孝標女,4:右大将道綱母,2
433,室町時代に流行した「ささめごと」の著者であり、連歌に高い精神性（幽玄）を求めた連歌師は誰か,室町時代,1:宗祇,2:心敬,3:肖柏,4:兼載,2
434,江戸時代中期、賀茂真淵や本居宣長らによって確立された、古文学を実証的に研究し、古代の精神を追求する学問を何と呼ぶか,江戸時代,1:朱子学,2:国学,3:陽明学,4:考証学,2
435,本居宣長が『紫文要領』や『源氏物語玉の小櫛』において、平安文学の本質として提唱した概念はどれか,江戸時代,1:幽玄,2:勧善懲悪,3:もののあはれ,4:雅び,3
436,上田秋成が『雨月物語』において、漢籍や日本の古典を自在に織り交ぜて構築した文体を何と呼ぶか,江戸時代,1:雅俗折衷体,2:和漢混交の擬古文,3:口語体,4:漢文直訳体,2
437,松尾芭蕉の『去来抄』において語られる、俳諧の理想的な境地として「高く心を悟りて俗に帰る」ことを指す言葉はどれか,江戸時代,1:しおり,2:高悟帰俗,3:軽み,4:不易流行,2
438,『万葉集』の代表的歌人で「貧窮問答歌」を著し、社会的な矛盾や民衆の苦悩を詠んだのは誰か,奈良時代,1:柿本人麻呂,2:山上憶良,3:山部赤人,4:大伴旅人,2
439,『竹取物語』において、かぐや姫が五人の貴公子に求めた「火鼠の皮衣」を差し出そうとして失敗したのは誰か,平安時代,1:石作皇子,2:車持皇子,3:阿倍御主人,4:大伴大納言,3
440,『浜松中納言物語』や『夜の寝覚』の作者と推定され、菅原孝標女の親族にあたる女性は誰か,平安時代,1:菅原孝標女（本人またはその周辺）,2:和泉式部,3:赤染衛門,4:伊勢大輔,1
441,『大鏡』の記述形式において、語り手である世継と繁樹の対話を傍らで聞き、批判的な補足を行う若者の名は何か,平安時代,1:夏山繁樹,2:藤原若成,3:大宅世継,4:藤原実資,2
442,『今昔物語集』と並ぶ平安末期の説話集で、保元の乱直前の貴族社会の逸話を多く収めた源隆国編とされる書はどれか,平安時代,1:宇治拾遺物語,2:今昔物語（本朝部）,3:古今著聞集,4:江談抄,4
443,『栄花物語』が編年体で記されているのに対し、紀伝体（人物中心）を採用して道藤原氏の歴史を批判的に検証した「鏡物」はどれか,平安時代,1:水鏡,2:今鏡,3:大鏡,4:増鏡,3
444,『とはずがたり』が再発見されるまで、鎌倉時代の女流日記の最高峰とされていた、阿仏尼が領地訴訟のために鎌倉へ下る道中を記した作品はどれか,鎌倉時代,1:十六夜日記,2:更級日記,3:建礼門院右京大夫集,4:うたたね,1
445,『蜻蛉日記』の作者「右大将道綱母」が、夫・藤原兼家との冷え切った関係や自らの苦悩を綴る際に用いた、現実を直視する記述態度を何と呼ぶか,平安時代,1:写実的内省,2:虚構的物語,3:宗教的隠遁,4:雅びの追求,1
446,『平家物語』において、平清盛の死後に平家を都落ちさせ、後に源義仲と対立して滅びゆく「平家の嫡流」の当主は誰か,鎌倉時代,1:平重盛,2:平宗盛,3:平知盛,4:平維盛,2
447,『方丈記』の冒頭、「ゆく河の流れは絶えずして、しかももとの水にあらず」のフレーズに象徴される、中世文学の底流にある思想は何か,鎌倉時代,1:儒教的倫理,2:仏教的無常観,3:道教的養生,4:神道的潔癖,2
448,『徒然草』第52段「仁和寺にある法師」において、石清水八幡宮を参拝しようとして、麓の極楽寺などで満足して帰ってしまう滑稽な失敗を何と呼ぶか,鎌倉時代,1:幽玄,2:連れなき誤り（先達の重要性）,3:もののあはれ,4:世捨て人の悲しみ,2
449,『新古今和歌集』の代表的歌人で、「見渡せば花も紅葉もなかりけり」と詠み、三夕の歌の一人に数えられるのは誰か,鎌倉時代,1:西行,2:藤原定家,3:寂蓮,4:式子内親王,2
450,『増鏡』が描く歴史の範囲として正しいものはどれか,室町時代,1:平安朝の全盛期,2:源平の合戦,3:後鳥羽上皇即位後～醍醐上皇隠岐脱出,4:室町幕府の成立過程,3
451,世阿弥が『風姿花伝』において、観客に感動を与える芸の旬を指して用いた言葉はどれか,室町時代,1:初心,2:時分の花,3:真実の花,4:秘すれば花,2
452,『正法眼蔵』の著者であり、鎌倉時代に曹洞宗を日本に伝え、言葉を超えた真理を深い哲学的散文で記したのは誰か,鎌倉時代,1:道元,2:親鸞,3:日蓮,4:栄西,1
453,『十訓抄』や『古今著聞集』など、鎌倉時代に数多く編纂された、道徳的教訓や歴史的逸話を収めたジャンルを何と呼ぶか,鎌倉時代,1:軍記物語,2:世俗説話集,3:私日記,4:歌論書,2
454,『平家物語』の「一の谷の合戦」において、熊谷直実に討たれる平家の若武者は誰か,鎌倉時代,1:平知盛,2:平敦盛,3:平教経,4:平重衡,2
455,『無名抄』において鴨長明が、和歌における言葉以上の余韻や深い趣を指して重視した概念はどれか,鎌倉時代,1:写生,2:幽玄（余情）,3:雅び,4:滑稽,2
456,本居宣長が、日本最古の歴史書『古事記』を解読し、35年をかけて完成させた注釈書の題名は何か,江戸時代,1:古事記伝,2:古事記傳,3:日本書紀通証,4:万葉考,2
457,『雨月物語』の「浅茅が宿」や「吉備津の釜」に見られる、戦国時代の荒廃した世相と人間の情念を重ね合わせた描写手法を何と呼ぶか,江戸時代,1:勧善懲悪,2:翻案（本歌取り的小説手法）,3:写生,4:滑稽,2
458,松尾芭蕉が『おくのほそ道』の旅に出るきっかけとなった、平安時代の歌人・佐藤継信の忠義や西行の足跡を辿る旅の目的を何と呼ぶか,江戸時代,1:遊歴,2:古跡（歌枕）の確認,3:隠遁,4:布教,2
459,『南総里見八犬伝』において、八人の剣士が持つ「仁・義・礼・智・忠・信・孝・悌」の文字が刻まれた珠を何と呼ぶか,江戸時代,1:霊珠,2:数珠の玉（伏姫の珠）,3:宝玉,4:神珠,2
460,『好色一代男』において、主人公・世之介が一生のうちに交わった女性の人数や、最後に「好色丸」で旅立つ行き先として正しいのはどこか,江戸時代,1:蓬萊島,2:女護の島,3:竜宮城,4:極楽浄土,2
461,江戸時代、契沖が『万葉代匠記』において、文献学的な手法で古典を研究した学問的態度の先駆は何と呼ばれるか,江戸時代,1:国学の端緒,2:考証学,3:朱子学,4:本草学,1
462,『春雨物語』の作者で、晩年の上田秋成が『雨月物語』の怪異から離れ、より冷徹な人間観察と古典批判を見せた作品群を何と呼ぶか,江戸時代,1:写実的怪異小説,2:合理主義的読本,3:歴史小説,4:随筆,2
463,『万葉集』の歌人で「東歌（あずまうた）」や「防人歌（さきもりうた）」を収集・編纂し、庶民の素朴な感情を記録に残したとされる編者は誰か,奈良時代,1:山上憶良,2:柿本人麻呂,3:大伴家持,4:高橋虫麻呂,3
464,『竹取物語』において、車持皇子が「蓬萊の玉の枝」を偽造した際、その偽物が露見する直接のきっかけとなった出来事は何か,平安時代,1:かぐや姫が見破った,2:帝が鑑定した,3:職人らが賃金を請求しに来た,4:嵐で枝が壊れた,3
465,『古今和歌集』の編者の一人で、現存する最古の歌論書『力王（ちから）の言葉』などの流れを汲む「真名序」を執筆したのは誰か,平安時代,1:紀貫之,2:凡河内躬恒,3:紀淑望,4:壬生忠岑,3
466,『伊勢物語』の「東下り」の段において、主人公が隅田川で見た、都を思い出すきっかけとなった鳥は何か,平安時代,1:カモメ,2:都鳥（ユリカモメ）,3:シラサギ,4:ウグイス,2
467,『源氏物語』の「若紫」の段において、光源氏が幼い紫の上を見出した場所（北山の僧坊）へ赴いた本来の目的は何か,平安時代,1:密会のため,2:瘧病の加持祈祷のため,3:狩猟のため,4:出家の相談のため,2
468,『大鏡』において、藤原道長が自らの栄華を詠んだ「この世をばわが世とぞ思う…」の歌（望月の歌）を記録している、道長の側近が記した日記はどれか,平安時代,1:権記,2:御堂関白記,3:小右記,4:紫式部日記,2
469,『宇治拾遺物語』に収められ、後に芥川龍之介の小説『鼻』の題材となった、大きな鼻を持つ僧侶が登場する説話はどれか,鎌倉時代,1:袴垂の事,2:池尾の禅師の事,3:児の飴食ひの事,4:わらしべ長者,2
470,『落窪物語』の主人公・落窪の君を執拗にいじめる継母の呼称として正しいものはどれか,平安時代,1:北の方,2:二の宮の北の方,3:東の対,4:少納言の乳母,2
471,『平家物語』の「宇治川の先陣」において、名馬「生食（いけずき）」と「磨墨（するすみ）」に乗って先陣を争った二人の武将は誰か,鎌倉時代,1:源義経・源範頼,2:佐々木高綱・梶原景季,3:畠山重忠・和田義盛,4:那須与一・平景清,2
472,『方丈記』の作者・鴨長明が、出家する直接の動機となった、下鴨神社の摂社である河合神社の職を巡る相論の相手は誰か,鎌倉時代,1:源頼朝,2:鴨祐兼,3:後鳥羽院,4:藤原定家,2
473,『徒然草』第19段「折節の移りゆくこそ」において、兼好法師が「もののあはれ」を最も深く感じる季節として挙げているのはどれか,鎌倉時代,1:春,2:夏,3:秋（の夕暮れ）,4:冬,3
474,『新古今和歌集』の歌風を象徴する、言葉を省略し余韻を残す技法「体言止め」や「七五調の反転」などを多用した代表的歌人は誰か,鎌倉時代,1:西行,2:式子内親王,3:藤原良経,4:慈円,2
475,『十六夜日記』の作者・阿仏尼が、実子である冷泉為相の相続を争った、亡夫・藤原為家の先妻の子（嫡男）は誰か,鎌倉時代,1:藤原為氏,2:藤原為顕,3:藤原為家,4:藤原定家,1
476,世阿弥が『風姿花伝』に続く芸論『花鏡』において提示した、自分を客観的に見る視点を指す言葉はどれか,室町時代,1:我見,2:離見の見,3:初心,4:幽玄,2
477,『太平記』において、楠木正成が足利尊氏の大軍を迎撃するために、後醍醐天皇に提案した作戦（却下されたもの）は何か,室町時代,1:都を一時離れ、山崎で挟み撃ちにする,2:籠城戦に徹する,3:降伏して再起を待つ,4:暗殺を試みる,1
478,室町時代の「御伽草子」のうち、一寸ぼうしや浦島太郎など、異類との婚姻や立身出世を扱う物語の系統を何と呼ぶか,室町時代,1:公家物,2:庶民物（または「異類物」）,3:僧侶物,4:武家物,2
479,連歌において、一句の中に同じ言葉や似た概念が近接して現れることを禁じた複雑なルールを何と呼ぶか,室町時代,1:式目,2:賦物または去嫌,3:連句,4:千句,2
480,鎌倉時代の和歌集『金槐和歌集』の作者であり、万葉調の力強い歌を詠んだ鎌倉幕府第三代将軍は誰か,鎌倉時代,1:源頼朝,2:源頼家,3:源実朝,4:北条時頼,3
481,本居宣長が『古事記傳』において、漢心（からごころ）を排し、日本古来の清らかな精神を指して用いた言葉はどれか,江戸時代,1:武士道,2:大和だましい（真心）,3:実証主義,4:幽玄,2
482,『雨月物語』の「蛇性の婬」において、蛇の化身である真女児に執着される主人公の青年の名は何か,江戸時代,1:豊雄,2:正太郎,3:源五兵衛,4:伊右衛門,1
483,松尾芭蕉の門人で、『猿蓑』の撰者の一人。芭蕉の死後、その教えを忠実に守り「蕉門の至宝」と呼ばれたのは誰か,江戸時代,1:向井去来,2:宝井其角,3:服部土芳,4:森川許六,1
484,江戸後期の滑稽本の傑作『浮世風呂』や『浮世床』を著し、当時の庶民の会話を生き生きと活写したのは誰か,江戸時代,1:十返舎一九,2:式亭三馬,3:山東京伝,4:柳亭種彦,2
485,『南総里見八犬伝』の序盤において、伏姫が山中で共に過ごし、八個の珠の源流となった犬の名は何か,江戸時代,1:ハチ,2:八房（やつふさ）,3:シロ,4:太郎,2
486,江戸時代、上田秋成が本居宣長に対して、「古事記の記述は比喩であり、すべてが事実ではない」と反論して展開された激しい論争を何と呼ぶか,江戸時代,1:没理想論争,2:日の神論争,3:国学論争,4:文学論争,2
487,『人情本』の代表的作者で、江戸末期の男女の恋愛を写実的に描き、『春色梅児誉美（しゅんしょくうめよみ）』を著したのは誰か,江戸時代,1:山東京伝,2:為永春水,3:式亭三馬,4:柳亭種彦,2
